filename,width,height,class,xmin,ymin,xmax,ymax
Snap_13.00.34.096.jpg,776,200,sek,329,91,347,104
Snap_13.00.35.092.jpg,776,200,sek,107,164,128,181
Snap_13.00.35.606.jpg,776,200,sek,105,116,124,131
Snap_13.00.37.140.jpg,776,200,sek,358,158,376,176
Snap_13.00.37.140.jpg,776,200,sek,179,126,194,137
Snap_13.00.38.161.jpg,776,200,sek,265,81,292,92
Snap_13.00.39.684.jpg,776,200,sek,178,104,200,124
Snap_13.00.39.684.jpg,776,200,sek,570,141,602,160
Snap_13.00.39.684.jpg,776,200,sek,569,83,604,92
Snap_13.00.39.684.jpg,776,200,sek,52,135,67,146
Snap_13.00.42.254.jpg,776,200,sek,1,135,22,163
Snap_13.00.43.271.jpg,776,200,sek,108,167,132,195
Snap_13.00.43.787.jpg,776,200,sek,100,137,128,159
Snap_13.00.43.787.jpg,776,200,sek,99,110,120,123
Snap_13.00.44.296.jpg,776,200,sek,291,115,308,132
Snap_13.00.44.296.jpg,776,200,sek,589,71,620,85
Snap_13.00.44.296.jpg,776,200,sek,432,72,447,85
Snap_13.00.44.801.jpg,776,200,sek,292,87,308,100
Snap_13.00.44.801.jpg,776,200,sek,617,124,635,141
Snap_13.00.44.801.jpg,776,200,sek,546,143,579,160
Snap_13.00.45.321.jpg,776,200,sek,101,187,118,200
Snap_13.00.45.826.jpg,776,200,sek,105,111,127,129
Snap_13.00.45.826.jpg,776,200,sek,97,149,118,163
Snap_13.00.46.353.jpg,776,200,sek,85,115,108,138
Snap_13.00.47.389.jpg,776,200,sek,107,166,139,190
Snap_13.00.47.389.jpg,776,200,sek,112,83,140,110
Snap_13.00.47.878.jpg,776,200,sek,524,118,555,139
Snap_13.00.47.878.jpg,776,200,sek,501,73,531,99
Snap_13.00.47.878.jpg,776,200,sek,4,90,41,126
Snap_13.00.48.430.jpg,776,200,sek,102,81,118,103
Snap_13.00.51.504.jpg,776,200,sek,104,76,124,100
Snap_13.00.51.504.jpg,776,200,sek,92,134,134,151
Snap_13.00.53.067.jpg,776,200,sek,65,124,79,136
Snap_13.00.53.067.jpg,776,200,sek,2,64,28,72
Snap_13.00.53.573.jpg,776,200,sek,254,83,286,111
Snap_13.00.54.095.jpg,776,200,sek,78,77,120,115
Snap_13.00.54.095.jpg,776,200,sek,252,109,270,126
Snap_13.00.54.095.jpg,776,200,sek,278,87,291,99
Snap_13.01.25.434.jpg,776,200,sek,78,101,101,111
Snap_13.01.26.470.jpg,776,200,sek,60,82,68,93
Snap_13.01.26.988.jpg,776,200,sek,22,103,45,124
Snap_13.01.27.491.jpg,776,200,sek,73,153,116,166
Snap_13.01.27.491.jpg,776,200,sek,91,79,107,93
Snap_13.01.27.978.jpg,776,200,sek,499,82,517,93
Snap_13.01.28.510.jpg,776,200,sek,21,94,44,111
Snap_13.01.28.998.jpg,776,200,sek,185,86,213,113
Snap_13.01.28.998.jpg,776,200,sek,550,88,563,103
Snap_13.01.29.543.jpg,776,200,sek,81,115,102,133
Snap_13.01.30.033.jpg,776,200,sek,36,129,51,145
Snap_13.01.30.519.jpg,776,200,sek,191,76,214,92
Snap_13.01.30.519.jpg,776,200,sek,22,67,46,84
Snap_13.01.30.519.jpg,776,200,sek,435,137,453,161
Snap_13.01.30.519.jpg,776,200,sek,545,77,563,91
Snap_13.01.30.519.jpg,776,200,sek,632,90,649,106
Snap_13.01.31.037.jpg,776,200,sek,26,97,52,123
Snap_13.01.31.037.jpg,776,200,sek,589,131,608,142
Snap_13.01.31.037.jpg,776,200,sek,584,78,600,96
Snap_13.01.31.539.jpg,776,200,sek,486,67,525,85
Snap_13.01.33.081.jpg,776,200,sek,576,143,604,168
Snap_13.01.33.081.jpg,776,200,sek,177,76,197,92
Snap_13.01.33.583.jpg,776,200,sek,24,138,41,150
Snap_13.01.34.089.jpg,776,200,sek,122,96,145,115
Snap_13.01.34.089.jpg,776,200,sek,4,74,19,94
Snap_13.01.34.089.jpg,776,200,sek,492,113,511,130
Snap_13.01.34.089.jpg,776,200,sek,485,71,507,87
Snap_13.01.34.089.jpg,776,200,sek,611,142,628,159
Snap_13.01.34.089.jpg,776,200,sek,586,109,607,121
Snap_13.01.34.591.jpg,776,200,sek,42,133,106,185
Snap_13.01.34.591.jpg,776,200,sek,345,120,389,152
Snap_13.01.34.591.jpg,776,200,sek,185,68,219,86
Snap_13.01.35.113.jpg,776,200,sek,81,137,114,163
Snap_13.01.35.113.jpg,776,200,sek,204,180,220,196
Snap_13.01.35.113.jpg,776,200,sek,378,165,400,182
Snap_13.01.35.618.jpg,776,200,sek,33,147,102,197
Snap_13.01.35.618.jpg,776,200,sek,337,133,378,167
Snap_13.01.36.630.jpg,776,200,sek,73,110,97,135
Snap_13.01.36.630.jpg,776,200,sek,280,97,295,112
Snap_13.01.36.630.jpg,776,200,sek,384,116,405,137
Snap_13.01.36.630.jpg,776,200,sek,387,63,414,88
Snap_13.01.36.630.jpg,776,200,sek,537,65,559,82
Snap_13.01.37.134.jpg,776,200,sek,288,140,307,153
Snap_13.01.37.669.jpg,776,200,sek,154,110,170,136
Snap_13.01.38.167.jpg,776,200,sek,377,138,396,155
Snap_13.01.38.167.jpg,776,200,sek,380,105,398,119
Snap_13.01.38.167.jpg,776,200,sek,61,115,79,130
Snap_13.01.38.167.jpg,776,200,sek,51,90,64,105
Snap_13.01.38.675.jpg,776,200,sek,61,100,73,114
Snap_13.01.38.675.jpg,776,200,sek,26,79,41,94
Snap_13.01.39.182.jpg,776,200,sek,120,97,140,114
Snap_13.01.39.182.jpg,776,200,sek,3,108,23,131
Snap_13.01.39.182.jpg,776,200,sek,478,132,504,149
Snap_13.01.39.182.jpg,776,200,sek,491,87,517,107
Snap_13.01.39.182.jpg,776,200,sek,606,65,619,83
Snap_13.01.39.684.jpg,776,200,sek,47,84,69,103
Snap_13.01.39.684.jpg,776,200,sek,368,55,387,71
Snap_13.01.40.714.jpg,776,200,sek,146,108,162,117
Snap_13.01.40.714.jpg,776,200,sek,304,97,318,111
Snap_13.01.41.212.jpg,776,200,sek,15,64,35,75
Snap_13.01.41.727.jpg,776,200,sek,66,81,96,102
Snap_13.01.41.727.jpg,776,200,sek,137,117,151,124
Snap_13.01.42.236.jpg,776,200,sek,62,126,92,159
Snap_13.01.42.236.jpg,776,200,sek,367,156,391,185
Snap_13.01.42.236.jpg,776,200,sek,367,53,411,64
Snap_13.01.42.236.jpg,776,200,sek,276,101,290,115
Snap_13.02.11.310.jpg,776,200,sek,148,166,170,189
Snap_13.02.11.310.jpg,776,200,sek,86,140,93,147
Snap_13.02.11.310.jpg,776,200,sek,13,164,20,171
Snap_13.02.11.820.jpg,776,200,sek,142,113,149,120
Snap_13.02.11.820.jpg,776,200,sek,166,119,173,125
Snap_13.02.11.820.jpg,776,200,sek,245,139,282,175
Snap_13.02.11.820.jpg,776,200,sek,236,123,243,130
Snap_13.02.11.820.jpg,776,200,sek,265,121,277,132
Snap_13.02.11.820.jpg,776,200,sek,134,148,161,171
Snap_13.02.12.344.jpg,776,200,sek,53,126,79,149
Snap_13.02.12.827.jpg,776,200,sek,158,162,213,200
Snap_13.02.12.827.jpg,776,200,sek,290,151,345,194
Snap_13.02.13.354.jpg,776,200,sek,139,148,156,161
Snap_13.02.13.870.jpg,776,200,sek,50,153,70,170
Snap_13.02.13.870.jpg,776,200,sek,82,130,94,138
Snap_13.02.13.870.jpg,776,200,sek,159,155,165,164
Snap_13.02.14.369.jpg,776,200,sek,102,153,130,181
Snap_13.02.14.895.jpg,776,200,sek,40,116,71,144
Snap_13.02.14.895.jpg,776,200,sek,73,106,146,139
Snap_13.02.15.401.jpg,776,200,sek,74,126,102,147
Snap_13.02.15.929.jpg,776,200,sek,143,157,178,194
Snap_13.02.16.434.jpg,776,200,sek,90,137,163,173
Snap_13.02.16.951.jpg,776,200,sek,160,143,200,173
Snap_13.02.16.951.jpg,776,200,sek,176,132,184,140
Snap_13.02.16.951.jpg,776,200,sek,152,156,159,163
Snap_13.02.17.459.jpg,776,200,sek,103,121,137,143
Snap_13.02.17.976.jpg,776,200,sek,17,95,50,130
Snap_13.02.17.976.jpg,776,200,sek,8,150,35,172
Snap_13.02.18.489.jpg,776,200,sek,108,101,143,127
Snap_13.02.19.026.jpg,776,200,sek,104,112,137,165
Snap_13.02.19.538.jpg,776,200,sek,56,151,65,160
Snap_13.02.19.538.jpg,776,200,sek,121,131,143,144
Snap_13.02.20.570.jpg,776,200,sek,33,59,68,81
Snap_13.02.20.570.jpg,776,200,sek,93,60,186,104
Snap_13.02.21.063.jpg,776,200,sek,57,83,104,137
Snap_13.02.21.590.jpg,776,200,sek,131,89,174,122
Snap_13.02.21.590.jpg,776,200,sek,83,59,121,79
Snap_13.02.22.099.jpg,776,200,sek,44,51,74,72
Snap_13.02.22.099.jpg,776,200,sek,135,61,144,73
Snap_13.02.22.619.jpg,776,200,sek,37,112,63,129
Snap_13.02.22.619.jpg,776,200,sek,94,103,115,117
Snap_13.02.23.651.jpg,776,200,sek,46,118,90,152
Snap_13.02.24.165.jpg,776,200,sek,160,109,174,131
Snap_13.02.24.165.jpg,776,200,sek,18,50,41,65
Snap_13.02.24.656.jpg,776,200,sek,329,52,373,78
Snap_13.02.24.656.jpg,776,200,sek,277,172,293,185
Snap_13.02.24.656.jpg,776,200,sek,1,78,15,92
Snap_13.02.25.169.jpg,776,200,sek,98,74,173,104
Snap_13.02.26.221.jpg,776,200,sek,43,120,73,137
Snap_13.02.26.221.jpg,776,200,sek,135,124,152,137
Snap_13.02.28.277.jpg,776,200,sek,1,8,29,39
Snap_13.02.28.277.jpg,776,200,sek,465,78,495,109
Snap_13.02.34.988.jpg,776,200,sek,286,16,331,65
Snap_13.02.34.988.jpg,776,200,sek,148,64,196,94
Snap_13.02.35.507.jpg,776,200,sek,129,1,200,31
Snap_13.02.35.507.jpg,776,200,sek,261,8,283,27
Snap_13.02.35.507.jpg,776,200,sek,490,14,498,21
Snap_13.02.35.507.jpg,776,200,sek,566,35,578,47
Snap_13.02.35.507.jpg,776,200,sek,468,66,478,76
Snap_13.02.53.594.jpg,776,200,sek,86,101,143,148
Snap_13.02.54.109.jpg,776,200,sek,309,104,326,129
Snap_13.02.54.109.jpg,776,200,sek,29,101,82,135
Snap_13.02.54.622.jpg,776,200,sek,33,152,48,168
Snap_13.02.54.622.jpg,776,200,sek,83,142,96,159
Snap_13.02.55.629.jpg,776,200,sek,89,131,139,172
Snap_13.02.56.140.jpg,776,200,sek,102,103,138,151
Snap_13.02.57.664.jpg,776,200,sek,150,118,172,147
Snap_13.02.58.682.jpg,776,200,sek,86,101,139,137
Snap_13.02.59.198.jpg,776,200,sek,74,152,100,170
Snap_13.02.59.703.jpg,776,200,sek,131,124,141,150
Snap_13.02.59.703.jpg,776,200,sek,25,169,38,183
Snap_13.02.59.703.jpg,776,200,sek,342,138,363,165
Snap_13.03.00.711.jpg,776,200,sek,69,107,99,129
Snap_13.03.00.711.jpg,776,200,sek,274,112,312,137
Snap_13.03.00.711.jpg,776,200,sek,348,129,364,140
Snap_13.03.00.711.jpg,776,200,sek,508,113,552,143
Snap_13.03.00.711.jpg,776,200,sek,641,139,657,152
Snap_13.03.01.228.jpg,776,200,sek,73,90,100,114
Snap_13.03.01.228.jpg,776,200,sek,280,98,318,127
Snap_13.03.01.228.jpg,776,200,sek,529,117,547,142
Snap_13.03.01.738.jpg,776,200,sek,124,124,138,137
Snap_13.03.01.738.jpg,776,200,sek,144,104,158,116
Snap_13.03.02.245.jpg,776,200,sek,69,143,109,174
Snap_13.03.02.245.jpg,776,200,sek,269,140,324,173
Snap_13.03.02.245.jpg,776,200,sek,350,137,372,152
Snap_13.03.02.245.jpg,776,200,sek,509,137,556,170
Snap_13.03.02.245.jpg,776,200,sek,643,127,656,143
Snap_13.03.04.282.jpg,776,200,sek,41,170,69,196
Snap_13.03.04.282.jpg,776,200,sek,86,173,109,194
Snap_13.03.04.282.jpg,776,200,sek,152,116,176,148
Snap_13.03.18.523.jpg,776,200,sek,350,138,380,170
Snap_13.03.19.062.jpg,776,200,sek,7,130,21,147
Snap_13.03.20.073.jpg,776,200,sek,261,77,295,105
Snap_13.03.20.073.jpg,776,200,sek,568,130,620,176
Snap_13.03.21.098.jpg,776,200,sek,82,100,120,126
Snap_13.03.22.121.jpg,776,200,sek,247,69,299,96
Snap_13.03.23.149.jpg,776,200,sek,239,72,289,95
Snap_13.03.23.674.jpg,776,200,sek,576,98,605,118
Snap_13.03.24.699.jpg,776,200,sek,246,82,280,113
Snap_13.03.24.699.jpg,776,200,sek,573,157,615,191
Snap_13.03.25.200.jpg,776,200,sek,239,108,280,137
Snap_13.03.25.200.jpg,776,200,sek,243,173,302,200
Snap_13.03.25.200.jpg,776,200,sek,561,163,617,196
Snap_13.03.25.200.jpg,776,200,sek,168,142,195,156
Snap_13.03.25.200.jpg,776,200,sek,425,74,444,86
Snap_13.03.25.200.jpg,776,200,sek,642,187,653,200
Snap_13.03.25.737.jpg,776,200,sek,148,142,169,168
Snap_13.03.25.737.jpg,776,200,sek,361,148,405,181
Snap_13.03.26.763.jpg,776,200,sek,30,91,48,109
Snap_13.03.26.763.jpg,776,200,sek,135,122,147,147
Snap_13.03.26.763.jpg,776,200,sek,344,90,361,130
Snap_13.03.26.763.jpg,776,200,sek,169,92,183,105
Snap_13.03.30.357.jpg,776,200,sek,230,126,300,165
Snap_13.03.30.357.jpg,776,200,sek,265,83,287,103
Snap_13.03.30.881.jpg,776,200,sek,367,86,400,125
Snap_13.03.31.397.jpg,776,200,sek,233,73,274,100
Snap_13.03.31.397.jpg,776,200,sek,573,74,618,126
Snap_13.03.31.397.jpg,776,200,sek,230,187,329,199
Snap_13.03.31.909.jpg,776,200,sek,173,105,182,113
Snap_13.03.31.909.jpg,776,200,sek,376,125,403,150
Snap_13.03.32.437.jpg,776,200,sek,165,86,193,107
Snap_13.03.32.437.jpg,776,200,sek,511,153,549,200
Snap_13.03.32.962.jpg,776,200,sek,164,165,198,192
Snap_13.03.32.962.jpg,776,200,sek,516,82,556,112
Snap_13.03.32.962.jpg,776,200,sek,630,90,651,108
Snap_13.03.33.473.jpg,776,200,sek,178,130,198,148
Snap_13.03.33.473.jpg,776,200,sek,386,111,409,129
Snap_13.03.34.001.jpg,776,200,sek,185,169,205,183
Snap_13.03.34.001.jpg,776,200,sek,293,151,304,164
Snap_13.03.34.001.jpg,776,200,sek,546,146,576,174
Snap_13.03.34.529.jpg,776,200,sek,167,176,186,191
Snap_13.03.34.529.jpg,776,200,sek,521,112,556,148
Snap_13.03.36.582.jpg,776,200,sek,8,81,24,99
Snap_13.03.36.582.jpg,776,200,sek,139,107,156,122
Snap_13.03.36.582.jpg,776,200,sek,309,81,329,99
Snap_13.03.36.582.jpg,776,200,sek,308,147,325,163
Snap_13.03.36.582.jpg,776,200,sek,499,112,520,125
Snap_13.03.36.582.jpg,776,200,sek,593,94,629,114
Snap_13.03.37.630.jpg,776,200,sek,43,105,64,125
Snap_13.03.38.137.jpg,776,200,sek,141,65,165,83
Snap_13.03.38.137.jpg,776,200,sek,372,69,409,101
Snap_13.03.38.680.jpg,776,200,sek,178,116,204,137
Snap_13.03.38.680.jpg,776,200,sek,274,98,290,111
Snap_13.03.39.190.jpg,776,200,sek,22,107,36,122
Snap_13.03.39.190.jpg,776,200,sek,189,136,212,154
Snap_13.03.39.190.jpg,776,200,sek,196,86,210,103
Snap_13.03.39.190.jpg,776,200,sek,260,107,275,125
Snap_13.03.39.190.jpg,776,200,sek,364,118,392,143
Snap_13.03.39.704.jpg,776,200,sek,151,72,178,122
Snap_13.03.40.231.jpg,776,200,sek,313,153,338,168
Snap_13.03.40.231.jpg,776,200,sek,521,76,565,101
Snap_13.03.40.231.jpg,776,200,sek,313,73,330,87
Snap_13.03.41.303.jpg,776,200,sek,141,112,157,121
Snap_13.03.41.303.jpg,776,200,sek,385,139,400,151
Snap_13.03.41.810.jpg,776,200,sek,312,87,337,108
Snap_13.03.41.810.jpg,776,200,sek,312,181,328,196
Snap_13.03.41.810.jpg,776,200,sek,516,165,567,199
Snap_13.03.43.923.jpg,776,200,sek,73,76,104,104
Snap_13.03.43.923.jpg,776,200,sek,202,78,222,94
Snap_13.03.46.000.jpg,776,200,sek,512,168,548,185
Snap_13.03.46.000.jpg,776,200,sek,322,57,330,67
Snap_13.03.46.000.jpg,776,200,sek,191,74,198,79
Snap_13.03.46.000.jpg,776,200,sek,133,70,140,78
Snap_13.03.46.000.jpg,776,200,sek,55,77,61,82
Snap_13.03.46.000.jpg,776,200,sek,18,78,22,83
Snap_13.03.46.000.jpg,776,200,sek,266,75,271,81
Snap_13.03.46.000.jpg,776,200,sek,275,80,284,84
Snap_13.03.46.000.jpg,776,200,sek,114,72,119,81
Snap_13.03.46.000.jpg,776,200,sek,600,53,610,60
Snap_13.03.46.000.jpg,776,200,sek,511,47,528,55
Snap_13.03.46.000.jpg,776,200,sek,3,68,10,74
Snap_13.03.46.000.jpg,776,200,sek,81,75,86,80
Snap_13.03.47.050.jpg,776,200,sek,627,107,658,132
Snap_13.03.48.117.jpg,776,200,sek,27,131,40,143
Snap_13.03.48.117.jpg,776,200,sek,79,96,85,102
Snap_13.03.48.622.jpg,776,200,sek,122,68,141,85
Snap_13.03.48.622.jpg,776,200,sek,102,96,109,103
Snap_13.03.48.622.jpg,776,200,sek,8,123,18,138
Snap_13.03.48.622.jpg,776,200,sek,121,134,139,144
Snap_13.03.49.156.jpg,776,200,sek,258,129,273,142
Snap_13.03.50.726.jpg,776,200,sek,591,126,597,134
Snap_13.03.51.271.jpg,776,200,sek,1,154,14,186
Snap_13.03.51.271.jpg,776,200,sek,128,182,136,189
Snap_13.03.51.271.jpg,776,200,sek,21,161,27,167
Snap_13.03.51.271.jpg,776,200,sek,21,174,26,181
Snap_13.03.51.761.jpg,776,200,sek,123,107,142,126
Snap_13.03.51.761.jpg,776,200,sek,103,88,111,96
Snap_13.03.51.761.jpg,776,200,sek,119,49,144,68
Snap_13.03.51.761.jpg,776,200,sek,11,56,19,66
Snap_13.03.52.292.jpg,776,200,sek,68,110,78,117
Snap_13.03.52.292.jpg,776,200,sek,645,78,671,99
Snap_13.03.52.292.jpg,776,200,sek,651,160,679,188
Snap_13.03.52.292.jpg,776,200,sek,238,84,245,90
Snap_13.04.07.839.jpg,776,200,sek,177,124,191,137
Snap_13.04.07.839.jpg,776,200,sek,234,142,246,154
Snap_13.04.07.839.jpg,776,200,sek,36,144,53,166
Snap_13.04.07.839.jpg,776,200,sek,36,120,49,131
Snap_13.04.07.839.jpg,776,200,sek,244,92,256,103
Snap_13.04.07.839.jpg,776,200,sek,1,116,5,124
Snap_13.04.08.361.jpg,776,200,sek,9,174,13,178
Snap_13.04.08.361.jpg,776,200,sek,67,167,73,173
Snap_13.04.08.361.jpg,776,200,sek,24,175,29,180
Snap_13.04.08.361.jpg,776,200,sek,85,168,91,174
Snap_13.04.08.865.jpg,776,200,sek,110,152,120,160
Snap_13.04.08.865.jpg,776,200,sek,75,141,78,146
Snap_13.04.09.391.jpg,776,200,sek,64,138,95,168
Snap_13.04.09.391.jpg,776,200,sek,1,125,7,132
Snap_13.04.09.894.jpg,776,200,sek,112,114,125,132
Snap_13.04.09.894.jpg,776,200,sek,74,129,80,135
Snap_13.04.10.414.jpg,776,200,sek,255,122,272,134
Snap_13.04.10.951.jpg,776,200,sek,20,117,28,125
Snap_13.04.10.951.jpg,776,200,sek,47,154,55,162
Snap_13.04.11.444.jpg,776,200,sek,178,137,205,182
Snap_13.04.11.444.jpg,776,200,sek,531,147,570,199
Snap_13.04.11.444.jpg,776,200,sek,539,75,568,94
Snap_13.04.11.444.jpg,776,200,sek,308,76,315,84
Snap_13.04.11.444.jpg,776,200,sek,313,118,323,126
Snap_13.04.11.444.jpg,776,200,sek,647,67,660,82
Snap_13.04.11.952.jpg,776,200,sek,673,87,681,96
Snap_13.04.11.952.jpg,776,200,sek,652,115,661,125
Snap_13.04.11.952.jpg,776,200,sek,592,126,600,137
Snap_13.04.11.952.jpg,776,200,sek,696,113,703,120
Snap_13.04.11.952.jpg,776,200,sek,413,127,420,135
Snap_13.04.11.952.jpg,776,200,sek,422,102,428,109
Snap_13.04.11.952.jpg,776,200,sek,139,105,145,112
Snap_13.04.11.952.jpg,776,200,sek,256,86,262,93
Snap_13.04.11.952.jpg,776,200,sek,250,118,254,124
Snap_13.04.11.952.jpg,776,200,sek,255,119,259,124
Snap_13.04.11.952.jpg,776,200,sek,46,54,53,61
Snap_13.04.11.952.jpg,776,200,sek,30,81,42,90
Snap_13.04.11.952.jpg,776,200,sek,588,100,600,111
Snap_13.04.11.952.jpg,776,200,sek,652,87,659,97
Snap_13.04.11.952.jpg,776,200,sek,655,105,661,112
Snap_13.04.12.482.jpg,776,200,sek,225,65,265,89
Snap_13.04.12.482.jpg,776,200,sek,278,140,291,152
Snap_13.04.12.482.jpg,776,200,sek,77,64,100,81
Snap_13.04.12.482.jpg,776,200,sek,70,65,76,72
Snap_13.04.13.490.jpg,776,200,sek,10,79,23,91
Snap_13.04.14.030.jpg,776,200,sek,315,100,348,129
Snap_13.04.14.030.jpg,776,200,sek,328,143,334,149
Snap_13.04.14.030.jpg,776,200,sek,297,88,304,98
Snap_13.04.14.030.jpg,776,200,sek,295,101,302,110
Snap_13.04.14.545.jpg,776,200,sek,143,138,164,163
Snap_13.04.15.545.jpg,776,200,sek,140,73,173,115
Snap_13.04.17.098.jpg,776,200,sek,169,70,182,86
Snap_13.04.17.098.jpg,776,200,sek,12,134,28,151
Snap_13.04.17.609.jpg,776,200,sek,259,76,286,98
Snap_13.04.18.142.jpg,776,200,sek,15,111,32,125
Snap_13.04.18.142.jpg,776,200,sek,30,70,42,79
Snap_13.04.18.640.jpg,776,200,sek,17,142,26,153
Snap_13.04.18.640.jpg,776,200,sek,101,124,108,131
Snap_13.04.18.640.jpg,776,200,sek,168,80,176,88
Snap_13.04.18.640.jpg,776,200,sek,169,118,175,124
Snap_13.04.18.640.jpg,776,200,sek,269,134,278,143
Snap_13.04.18.640.jpg,776,200,sek,423,95,428,102
Snap_13.04.18.640.jpg,776,200,sek,388,98,397,108
Snap_13.04.18.640.jpg,776,200,sek,306,158,314,167
Snap_13.04.18.640.jpg,776,200,sek,622,105,629,112
Snap_13.04.18.640.jpg,776,200,sek,657,120,663,126
Snap_13.04.18.640.jpg,776,200,sek,437,43,442,49
Snap_13.04.18.640.jpg,776,200,sek,221,51,226,56
Snap_13.04.18.640.jpg,776,200,sek,484,110,488,114
Snap_13.04.18.640.jpg,776,200,sek,453,155,457,159
Snap_13.04.19.171.jpg,776,200,sek,62,151,76,165
Snap_13.04.30.027.jpg,776,200,sek,327,146,366,174
Snap_13.04.30.027.jpg,776,200,sek,56,119,65,128
Snap_13.04.30.027.jpg,776,200,sek,118,121,164,160
Snap_13.04.30.027.jpg,776,200,sek,1,118,19,154
Snap_13.04.30.541.jpg,776,200,sek,181,122,191,132
Snap_13.04.30.541.jpg,776,200,sek,285,121,295,134
Snap_13.04.30.541.jpg,776,200,sek,334,122,339,127
Snap_13.04.30.541.jpg,776,200,sek,543,145,550,154
Snap_13.04.30.541.jpg,776,200,sek,621,176,628,182
Snap_13.04.31.065.jpg,776,200,sek,1,175,11,199
Snap_13.04.31.065.jpg,776,200,sek,78,98,86,106
Snap_13.04.31.065.jpg,776,200,sek,66,170,75,179
Snap_13.04.31.065.jpg,776,200,sek,120,178,153,198
Snap_13.04.31.065.jpg,776,200,sek,327,181,353,199
Snap_13.04.31.585.jpg,776,200,sek,171,90,189,107
Snap_13.04.31.585.jpg,776,200,sek,520,190,557,200
Snap_13.04.32.121.jpg,776,200,sek,178,134,191,146
Snap_13.04.32.121.jpg,776,200,sek,1,123,18,137
Snap_13.04.32.633.jpg,776,200,sek,211,134,230,149
Snap_13.04.32.633.jpg,776,200,sek,215,106,223,113
Snap_13.04.32.633.jpg,776,200,sek,51,195,58,199
Snap_13.04.32.633.jpg,776,200,sek,371,145,384,160
Snap_13.04.33.158.jpg,776,200,sek,46,151,56,168
Snap_13.04.33.158.jpg,776,200,sek,132,155,140,170
Snap_13.04.33.158.jpg,776,200,sek,56,104,62,110
Snap_13.04.33.685.jpg,776,200,sek,327,95,337,103
Snap_13.04.35.254.jpg,776,200,sek,202,182,212,190
Snap_13.04.35.254.jpg,776,200,sek,102,114,122,131
Snap_13.04.35.254.jpg,776,200,sek,65,87,87,107
Snap_13.04.35.254.jpg,776,200,sek,87,134,91,139
Snap_13.04.35.254.jpg,776,200,sek,41,79,45,84
Snap_13.04.35.775.jpg,776,200,sek,159,66,166,72
Snap_13.04.36.291.jpg,776,200,sek,138,126,152,143
Snap_13.04.36.851.jpg,776,200,sek,66,123,80,135
Snap_13.04.37.337.jpg,776,200,sek,103,66,123,83
Snap_13.04.37.864.jpg,776,200,sek,200,174,217,181
Snap_13.04.38.915.jpg,776,200,sek,669,102,676,110
Snap_13.04.38.915.jpg,776,200,sek,615,67,621,74
Snap_13.04.38.915.jpg,776,200,sek,576,98,580,103
Snap_13.04.38.915.jpg,776,200,sek,396,122,410,138
Snap_13.04.38.915.jpg,776,200,sek,504,131,508,135
Snap_13.04.38.915.jpg,776,200,sek,68,45,84,54
Snap_13.04.39.449.jpg,776,200,sek,229,94,244,104
Snap_13.04.39.449.jpg,776,200,sek,29,86,46,105
Snap_13.04.39.449.jpg,776,200,sek,172,64,177,69
Snap_13.04.41.019.jpg,776,200,sek,1,51,54,98
Snap_13.04.41.019.jpg,776,200,sek,200,62,206,69
Snap_13.04.41.019.jpg,776,200,sek,202,56,208,62
Snap_13.04.41.534.jpg,776,200,sek,266,59,279,70
Snap_13.04.41.534.jpg,776,200,sek,364,75,374,83
Snap_13.04.41.534.jpg,776,200,sek,180,78,191,88
Snap_13.04.41.534.jpg,776,200,sek,346,118,360,129
Snap_13.04.41.534.jpg,776,200,sek,158,55,163,60
Snap_13.04.42.063.jpg,776,200,sek,244,101,255,111
Snap_13.04.42.063.jpg,776,200,sek,28,51,35,58
Snap_13.04.42.627.jpg,776,200,sek,55,119,61,125
Snap_13.04.43.137.jpg,776,200,sek,304,165,316,173
Snap_13.04.43.137.jpg,776,200,sek,131,110,144,121
Snap_13.04.43.681.jpg,776,200,sek,116,80,127,89
Snap_13.04.44.190.jpg,776,200,sek,334,84,345,94
Snap_13.04.44.190.jpg,776,200,sek,326,123,344,141
Snap_13.04.44.190.jpg,776,200,sek,114,81,135,99
Snap_13.04.44.190.jpg,776,200,sek,126,146,143,164
Snap_13.05.09.357.jpg,776,200,sek,6,133,10,140
Snap_13.05.10.432.jpg,776,200,sek,117,155,128,165
Snap_13.05.10.432.jpg,776,200,sek,106,154,115,162
Snap_13.05.10.994.jpg,776,200,sek,348,114,355,120
Snap_13.05.10.994.jpg,776,200,sek,308,108,314,114
Snap_13.05.10.994.jpg,776,200,sek,225,109,231,116
Snap_13.05.10.994.jpg,776,200,sek,221,125,225,133
Snap_13.05.10.994.jpg,776,200,sek,163,92,170,105
Snap_13.05.10.994.jpg,776,200,sek,111,169,121,175
Snap_13.05.10.994.jpg,776,200,sek,78,94,84,100
Snap_13.05.10.994.jpg,776,200,sek,267,115,274,121
Snap_13.05.11.525.jpg,776,200,sek,150,104,195,137
Snap_13.05.11.525.jpg,776,200,sek,10,153,46,178
Snap_13.05.11.525.jpg,776,200,sek,464,96,498,114
Snap_13.05.11.525.jpg,776,200,sek,566,177,599,199
Snap_13.05.11.525.jpg,776,200,sek,551,137,557,144
Snap_13.05.11.525.jpg,776,200,sek,546,138,550,144
Snap_13.05.11.525.jpg,776,200,sek,582,100,587,107
Snap_13.05.12.074.jpg,776,200,sek,324,90,344,110
Snap_13.05.12.074.jpg,776,200,sek,313,112,320,124
Snap_13.05.12.074.jpg,776,200,sek,463,108,491,137
Snap_13.05.12.074.jpg,776,200,sek,542,146,550,158
Snap_13.05.12.074.jpg,776,200,sek,564,170,596,191
Snap_13.05.12.074.jpg,776,200,sek,323,180,349,199
Snap_13.05.12.074.jpg,776,200,sek,162,124,193,145
Snap_13.05.12.074.jpg,776,200,sek,55,92,74,115
Snap_13.05.12.074.jpg,776,200,sek,20,156,48,172
Snap_13.05.12.592.jpg,776,200,sek,77,114,92,126
Snap_13.05.12.592.jpg,776,200,sek,13,118,19,126
Snap_13.05.13.161.jpg,776,200,sek,120,154,125,160
Snap_13.05.14.756.jpg,776,200,sek,147,184,162,200
Snap_13.05.15.318.jpg,776,200,sek,11,170,16,176
Snap_13.05.16.404.jpg,776,200,sek,49,121,57,130
Snap_13.05.16.404.jpg,776,200,sek,151,152,168,167
Snap_13.05.16.404.jpg,776,200,sek,238,133,243,138
Snap_13.05.16.404.jpg,776,200,sek,305,159,320,172
Snap_13.05.16.950.jpg,776,200,sek,149,97,160,107
Snap_13.05.17.480.jpg,776,200,sek,142,152,158,169
Snap_13.05.18.031.jpg,776,200,sek,1,114,18,145
Snap_13.05.18.031.jpg,776,200,sek,114,100,125,108
Snap_13.05.18.031.jpg,776,200,sek,50,85,63,100
Snap_13.05.18.577.jpg,776,200,sek,85,122,90,128
Snap_13.05.18.577.jpg,776,200,sek,17,133,22,138
Snap_13.05.19.092.jpg,776,200,sek,62,161,73,169
Snap_13.05.19.675.jpg,776,200,sek,43,142,52,151
Snap_13.05.19.675.jpg,776,200,sek,26,151,44,164
Snap_13.05.19.675.jpg,776,200,sek,26,186,33,191
Snap_13.05.19.675.jpg,776,200,sek,55,171,63,177
Snap_13.05.20.204.jpg,776,200,sek,129,125,137,132
Snap_13.05.20.740.jpg,776,200,sek,147,122,162,137
Snap_13.05.21.269.jpg,776,200,sek,18,125,44,147
Snap_13.05.21.827.jpg,776,200,sek,72,130,82,143
Snap_13.05.22.896.jpg,776,200,sek,136,67,156,83
Snap_13.05.22.896.jpg,776,200,sek,242,123,250,131
Snap_13.05.22.896.jpg,776,200,sek,284,129,291,134
Snap_13.05.23.441.jpg,776,200,sek,95,138,122,160
Snap_13.05.23.441.jpg,776,200,sek,129,158,134,163
Snap_13.05.23.980.jpg,776,200,sek,35,53,51,61
Snap_13.05.24.522.jpg,776,200,sek,35,132,93,152
Snap_13.05.24.522.jpg,776,200,sek,660,69,708,107
Snap_13.05.25.625.jpg,776,200,sek,1,99,12,111
Snap_13.05.25.625.jpg,776,200,sek,60,85,67,92
Snap_13.05.25.625.jpg,776,200,sek,53,127,64,140
Snap_13.05.25.625.jpg,776,200,sek,164,138,170,146
Snap_13.05.26.146.jpg,776,200,sek,96,134,113,148
Snap_13.05.26.146.jpg,776,200,sek,17,135,40,148
Snap_13.05.26.146.jpg,776,200,sek,17,124,22,129
Snap_13.05.26.666.jpg,776,200,sek,137,73,146,80
Snap_13.05.26.666.jpg,776,200,sek,108,73,113,79
Snap_13.05.26.666.jpg,776,200,sek,37,66,46,72
Snap_13.05.28.290.jpg,776,200,sek,78,101,84,106
Snap_13.05.28.812.jpg,776,200,sek,168,170,201,195
Snap_13.05.28.812.jpg,776,200,sek,287,62,297,71
Snap_13.05.28.812.jpg,776,200,sek,454,169,459,176
Snap_13.05.28.812.jpg,776,200,sek,468,173,479,185
Snap_13.05.28.812.jpg,776,200,sek,613,63,651,95
Snap_13.05.29.333.jpg,776,200,sek,48,53,68,59
Snap_13.05.30.446.jpg,776,200,sek,121,142,135,156
Snap_13.05.30.446.jpg,776,200,sek,50,65,75,88
Snap_13.05.30.952.jpg,776,200,sek,610,56,664,102
Snap_13.05.31.507.jpg,776,200,sek,61,89,91,124
Snap_13.05.32.016.jpg,776,200,sek,73,79,87,94
Snap_13.05.32.016.jpg,776,200,sek,94,124,108,139
Snap_13.05.32.016.jpg,776,200,sek,170,100,203,125
Snap_13.05.32.016.jpg,776,200,sek,245,121,259,134
Snap_13.05.32.016.jpg,776,200,sek,265,86,282,98
Snap_13.05.32.016.jpg,776,200,sek,184,53,223,85
Snap_13.05.32.016.jpg,776,200,sek,452,107,471,125
Snap_13.05.32.016.jpg,776,200,sek,451,76,470,92
Snap_13.05.32.016.jpg,776,200,sek,623,92,640,107
Snap_13.05.32.016.jpg,776,200,sek,435,164,487,200
Snap_13.05.32.561.jpg,776,200,sek,77,121,91,134
Snap_13.05.32.561.jpg,776,200,sek,154,103,186,126
Snap_13.05.32.561.jpg,776,200,sek,256,102,277,119
Snap_13.05.32.561.jpg,776,200,sek,277,136,298,154
Snap_13.05.32.561.jpg,776,200,sek,147,62,174,83
Snap_13.05.33.079.jpg,776,200,sek,94,97,109,114
Snap_13.05.33.079.jpg,776,200,sek,74,151,85,161
Snap_13.05.33.079.jpg,776,200,sek,173,119,201,144
Snap_13.05.33.079.jpg,776,200,sek,184,163,225,190
Snap_13.05.33.079.jpg,776,200,sek,246,107,260,122
Snap_13.05.33.079.jpg,776,200,sek,266,151,281,162
Snap_13.05.33.079.jpg,776,200,sek,452,123,468,138
Snap_13.05.33.079.jpg,776,200,sek,449,160,468,175
Snap_13.05.33.079.jpg,776,200,sek,625,147,638,160
Snap_13.05.33.079.jpg,776,200,sek,439,53,484,84
Snap_13.05.33.619.jpg,776,200,sek,24,103,35,115
Snap_13.05.33.619.jpg,776,200,sek,85,149,112,173
Snap_13.05.33.619.jpg,776,200,sek,138,102,151,118
Snap_13.05.33.619.jpg,776,200,sek,129,184,148,200
Snap_13.05.33.619.jpg,776,200,sek,110,90,117,97
Snap_13.05.34.164.jpg,776,200,sek,64,83,83,96
Snap_13.05.34.164.jpg,776,200,sek,112,115,120,123
Snap_13.05.34.705.jpg,776,200,sek,5,89,27,130
Snap_13.05.35.205.jpg,776,200,sek,35,126,51,142
Snap_13.05.35.205.jpg,776,200,sek,337,149,351,163
Snap_13.05.35.205.jpg,776,200,sek,38,72,64,97
Snap_13.05.35.730.jpg,776,200,sek,283,105,304,122
Snap_13.05.35.730.jpg,776,200,sek,324,97,369,128
Snap_13.05.49.804.jpg,776,200,sek,1,137,11,159
Snap_13.05.50.311.jpg,776,200,sek,179,106,188,118
Snap_13.05.50.311.jpg,776,200,sek,187,125,193,133
Snap_13.05.50.807.jpg,776,200,sek,28,96,68,128
Snap_13.05.51.326.jpg,776,200,sek,306,129,333,165
Snap_13.05.51.326.jpg,776,200,sek,318,100,340,120
Snap_13.05.51.326.jpg,776,200,sek,36,105,43,113
Snap_13.05.51.326.jpg,776,200,sek,26,163,34,173
Snap_13.05.51.326.jpg,776,200,sek,125,123,131,131
Snap_13.05.51.326.jpg,776,200,sek,159,116,163,123
Snap_13.05.51.326.jpg,776,200,sek,168,112,174,120
Snap_13.05.51.326.jpg,776,200,sek,211,109,264,131
Snap_13.05.51.326.jpg,776,200,sek,94,98,151,135
Snap_13.05.51.825.jpg,776,200,sek,59,104,77,122
Snap_13.05.51.825.jpg,776,200,sek,129,158,148,180
Snap_13.05.51.825.jpg,776,200,sek,94,109,102,118
Snap_13.05.52.343.jpg,776,200,sek,307,106,336,148
Snap_13.05.52.343.jpg,776,200,sek,316,161,346,187
Snap_13.05.52.343.jpg,776,200,sek,150,183,164,194
Snap_13.05.53.366.jpg,776,200,sek,399,164,421,189
Snap_13.05.53.366.jpg,776,200,sek,519,166,534,181
Snap_13.05.53.366.jpg,776,200,sek,54,131,67,145
Snap_13.05.54.366.jpg,776,200,sek,21,113,34,126
Snap_13.05.54.366.jpg,776,200,sek,1,127,28,154
Snap_13.05.55.397.jpg,776,200,sek,276,115,288,127
Snap_13.05.56.401.jpg,776,200,sek,77,136,88,148
Snap_13.05.56.917.jpg,776,200,sek,124,141,138,155
Snap_13.05.56.917.jpg,776,200,sek,125,132,133,138
Snap_13.05.58.438.jpg,776,200,sek,59,156,76,174
Snap_13.05.59.975.jpg,776,200,sek,93,98,120,115
Snap_13.06.00.476.jpg,776,200,sek,180,155,193,167
Snap_13.06.00.476.jpg,776,200,sek,281,101,302,119
Snap_13.06.00.476.jpg,776,200,sek,64,130,72,137
Snap_13.06.00.476.jpg,776,200,sek,51,143,88,179
Snap_13.06.01.515.jpg,776,200,sek,62,127,105,162
Snap_13.06.02.009.jpg,776,200,sek,350,119,362,131
Snap_13.06.02.514.jpg,776,200,sek,134,120,158,142
Snap_13.06.03.029.jpg,776,200,sek,71,116,78,125
Snap_13.06.03.029.jpg,776,200,sek,50,153,60,162
Snap_13.06.03.029.jpg,776,200,sek,9,128,18,137
Snap_13.06.03.029.jpg,776,200,sek,14,173,22,181
Snap_13.06.03.029.jpg,776,200,sek,152,145,163,156
Snap_13.06.03.029.jpg,776,200,sek,184,112,199,127
Snap_13.06.03.029.jpg,776,200,sek,214,147,221,154
Snap_13.06.03.029.jpg,776,200,sek,247,153,260,166
Snap_13.06.03.029.jpg,776,200,sek,311,140,325,153
Snap_13.06.03.532.jpg,776,200,sek,336,189,366,200
Snap_13.06.04.058.jpg,776,200,sek,277,122,297,139
Snap_13.06.04.058.jpg,776,200,sek,298,129,306,134
Snap_13.06.04.550.jpg,776,200,sek,32,130,44,141
Snap_13.06.04.550.jpg,776,200,sek,38,152,47,161
Snap_13.06.04.550.jpg,776,200,sek,117,110,127,120
Snap_13.06.04.550.jpg,776,200,sek,151,123,177,141
Snap_13.06.04.550.jpg,776,200,sek,153,142,165,153
Snap_13.06.04.550.jpg,776,200,sek,131,153,145,166
Snap_13.06.04.550.jpg,776,200,sek,244,132,266,144
Snap_13.06.04.550.jpg,776,200,sek,277,118,289,128
Snap_13.06.04.550.jpg,776,200,sek,328,134,342,145
Snap_13.06.04.550.jpg,776,200,sek,320,149,341,178
Snap_13.06.04.550.jpg,776,200,sek,368,118,390,136
Snap_13.06.04.550.jpg,776,200,sek,219,147,226,155
Snap_13.06.05.054.jpg,776,200,sek,67,144,79,156
Snap_13.06.05.054.jpg,776,200,sek,5,155,19,167
Snap_13.06.05.054.jpg,776,200,sek,151,181,169,198
Snap_13.06.05.054.jpg,776,200,sek,338,144,367,175
Snap_13.06.05.054.jpg,776,200,sek,368,103,400,147
Snap_13.06.05.569.jpg,776,200,sek,53,108,72,126
Snap_13.06.05.569.jpg,776,200,sek,191,118,203,131
Snap_13.06.05.569.jpg,776,200,sek,288,103,302,113
Snap_13.06.06.084.jpg,776,200,sek,143,127,163,145
Snap_13.06.06.084.jpg,776,200,sek,135,163,165,186
Snap_13.06.06.585.jpg,776,200,sek,83,154,113,182
Snap_13.06.06.585.jpg,776,200,sek,127,105,162,138
Snap_13.06.07.089.jpg,776,200,sek,303,145,339,184
Snap_13.06.07.089.jpg,776,200,sek,312,108,348,133
Snap_13.06.07.089.jpg,776,200,sek,150,95,163,106
Snap_13.06.07.089.jpg,776,200,sek,125,168,146,185
Snap_13.06.07.614.jpg,776,200,sek,108,131,134,157
Snap_13.06.07.614.jpg,776,200,sek,81,149,95,161
Snap_13.06.07.614.jpg,776,200,sek,28,174,39,182
Snap_13.06.08.131.jpg,776,200,sek,58,113,78,132
Snap_13.06.08.612.jpg,776,200,sek,36,123,48,137
Snap_13.06.08.612.jpg,776,200,sek,135,124,147,137
Snap_13.06.08.612.jpg,776,200,sek,329,169,369,200
Snap_13.06.08.612.jpg,776,200,sek,342,113,355,126
Snap_13.06.08.612.jpg,776,200,sek,370,91,385,100
Snap_13.06.09.129.jpg,776,200,sek,324,100,372,145
Snap_13.06.09.129.jpg,776,200,sek,292,172,346,200
Snap_13.06.09.129.jpg,776,200,sek,146,187,176,199
Snap_13.06.09.129.jpg,776,200,sek,1,117,16,136
Snap_13.06.09.640.jpg,776,200,sek,81,148,93,161
Snap_13.06.09.640.jpg,776,200,sek,110,153,133,185
Snap_13.06.10.145.jpg,776,200,sek,139,132,159,150
Snap_13.06.10.145.jpg,776,200,sek,132,86,161,112
Snap_13.06.10.661.jpg,776,200,sek,134,181,150,199
Snap_13.06.10.661.jpg,776,200,sek,298,173,371,200
Snap_13.06.10.661.jpg,776,200,sek,341,104,370,119
Snap_13.06.10.661.jpg,776,200,sek,1,117,8,130
Snap_13.06.11.167.jpg,776,200,sek,344,99,385,137
Snap_13.06.11.167.jpg,776,200,sek,2,92,12,103
Snap_13.06.11.670.jpg,776,200,sek,366,95,397,122
Snap_13.06.11.670.jpg,776,200,sek,135,119,144,126
Snap_13.06.11.670.jpg,776,200,sek,19,92,29,101
Snap_13.06.12.183.jpg,776,200,sek,144,162,154,172
Snap_13.06.12.183.jpg,776,200,sek,49,121,60,131
Snap_13.06.12.183.jpg,776,200,sek,1,122,15,140
Snap_13.06.12.183.jpg,776,200,sek,81,103,89,112
Snap_13.06.12.183.jpg,776,200,sek,93,101,100,110
Snap_13.06.12.684.jpg,776,200,sek,138,104,153,118
Snap_13.06.13.201.jpg,776,200,sek,215,172,236,184
Snap_13.06.13.201.jpg,776,200,sek,69,179,74,186
Snap_13.06.14.218.jpg,776,200,sek,79,172,93,186
Snap_13.06.14.218.jpg,776,200,sek,132,130,140,138
Snap_13.06.14.218.jpg,776,200,sek,84,128,92,135
Snap_13.06.14.735.jpg,776,200,sek,334,111,368,156
Snap_13.06.14.735.jpg,776,200,sek,37,187,48,197
Snap_13.06.14.735.jpg,776,200,sek,133,190,145,197
Snap_13.06.15.738.jpg,776,200,sek,2,118,39,147
Snap_13.06.15.738.jpg,776,200,sek,138,139,143,145
Snap_13.06.16.260.jpg,776,200,sek,30,139,79,184
Snap_13.06.16.260.jpg,776,200,sek,300,166,311,181
Snap_13.06.16.260.jpg,776,200,sek,484,150,509,177
Snap_13.06.16.764.jpg,776,200,sek,41,95,83,136
Snap_13.06.16.764.jpg,776,200,sek,78,143,88,153
Snap_13.06.16.764.jpg,776,200,sek,301,105,315,120
Snap_13.06.16.764.jpg,776,200,sek,486,112,506,134
Snap_13.06.16.764.jpg,776,200,sek,587,109,602,124
Snap_13.06.16.764.jpg,776,200,sek,564,174,570,182
Snap_13.06.16.764.jpg,776,200,sek,701,117,712,139
Snap_13.06.17.785.jpg,776,200,sek,569,144,601,177
Snap_13.06.17.785.jpg,776,200,sek,212,128,218,135
Snap_13.06.17.785.jpg,776,200,sek,208,134,214,140
Snap_13.06.17.785.jpg,776,200,sek,228,97,264,110
Snap_13.06.18.297.jpg,776,200,sek,191,100,223,120
Snap_13.06.18.297.jpg,776,200,sek,460,117,475,128
Snap_13.06.18.297.jpg,776,200,sek,584,182,596,191
Snap_13.06.18.790.jpg,776,200,sek,185,123,201,138
Snap_13.06.18.790.jpg,776,200,sek,204,121,212,130
Snap_13.06.18.790.jpg,776,200,sek,497,111,507,121
Snap_13.06.19.807.jpg,776,200,sek,16,105,27,117
Snap_13.06.19.807.jpg,776,200,sek,202,130,214,141
Snap_13.06.19.807.jpg,776,200,sek,153,104,166,120
Snap_13.06.20.332.jpg,776,200,sek,550,126,576,148
Snap_13.06.20.332.jpg,776,200,sek,5,109,103,173
Snap_13.06.20.332.jpg,776,200,sek,320,186,328,192
Snap_13.06.20.831.jpg,776,200,sek,15,152,34,170
Snap_13.06.21.354.jpg,776,200,sek,135,116,148,129
Snap_13.06.21.850.jpg,776,200,sek,132,123,142,134
Snap_13.06.22.368.jpg,776,200,sek,115,147,128,161
Snap_13.06.22.368.jpg,776,200,sek,182,100,227,117
Snap_13.06.22.368.jpg,776,200,sek,574,155,601,180
Snap_13.06.22.857.jpg,776,200,sek,102,115,118,137
Snap_13.06.23.393.jpg,776,200,sek,135,159,162,182
Snap_13.06.23.892.jpg,776,200,sek,97,173,111,189
Snap_13.06.23.892.jpg,776,200,sek,280,179,295,195
Snap_13.06.23.892.jpg,776,200,sek,604,175,623,194
Snap_13.06.23.892.jpg,776,200,sek,621,182,646,199
Snap_13.06.23.892.jpg,776,200,sek,664,168,678,183
Snap_13.06.24.905.jpg,776,200,sek,69,106,79,116
Snap_13.06.24.905.jpg,776,200,sek,74,176,84,186
Snap_13.06.24.905.jpg,776,200,sek,236,105,246,116
Snap_13.06.24.905.jpg,776,200,sek,244,156,280,194
Snap_13.06.25.411.jpg,776,200,sek,508,138,530,158
Snap_13.06.25.411.jpg,776,200,sek,529,152,543,161
Snap_13.06.25.411.jpg,776,200,sek,547,140,583,166
Snap_13.06.25.411.jpg,776,200,sek,531,108,560,131
Snap_13.06.25.411.jpg,776,200,sek,578,168,590,179
Snap_13.06.25.411.jpg,776,200,sek,619,172,633,185
Snap_13.06.25.926.jpg,776,200,sek,332,137,347,152
Snap_13.06.25.926.jpg,776,200,sek,578,131,594,145
Snap_13.06.26.435.jpg,776,200,sek,531,129,559,169
Snap_13.06.26.435.jpg,776,200,sek,664,146,683,167
Snap_13.06.26.435.jpg,776,200,sek,595,174,609,186
Snap_13.06.26.435.jpg,776,200,sek,329,94,386,131
Snap_13.06.26.928.jpg,776,200,sek,139,151,157,168
Snap_13.06.27.467.jpg,776,200,sek,109,147,121,159
Snap_13.06.27.467.jpg,776,200,sek,151,162,167,178
Snap_13.06.27.467.jpg,776,200,sek,159,148,170,160
Snap_13.06.27.467.jpg,776,200,sek,138,118,154,135
Snap_13.06.27.467.jpg,776,200,sek,13,131,21,138
Snap_13.06.27.467.jpg,776,200,sek,39,145,49,155
Snap_13.06.27.467.jpg,776,200,sek,2,168,11,177
Snap_13.06.27.962.jpg,776,200,sek,263,141,338,173
Snap_13.06.27.962.jpg,776,200,sek,326,105,342,119
Snap_13.06.27.962.jpg,776,200,sek,352,186,381,200
Snap_13.06.28.468.jpg,776,200,sek,75,135,152,193
Snap_13.06.28.468.jpg,776,200,sek,620,169,634,184
Snap_13.06.28.468.jpg,776,200,sek,306,175,422,200
Snap_13.06.28.468.jpg,776,200,sek,513,155,529,169
Snap_13.06.28.468.jpg,776,200,sek,514,117,527,131
Snap_13.06.28.972.jpg,776,200,sek,41,118,85,148
Snap_13.06.28.972.jpg,776,200,sek,232,130,247,142
Snap_13.06.28.972.jpg,776,200,sek,342,148,362,165
Snap_13.06.28.972.jpg,776,200,sek,307,90,324,102
Snap_13.06.28.972.jpg,776,200,sek,421,106,434,122
Snap_13.06.28.972.jpg,776,200,sek,585,114,603,132
Snap_13.06.28.972.jpg,776,200,sek,171,135,238,163
Snap_13.06.29.491.jpg,776,200,sek,69,131,107,170
Snap_13.06.29.991.jpg,776,200,sek,263,127,282,145
Snap_13.06.29.991.jpg,776,200,sek,357,145,370,159
Snap_13.06.29.991.jpg,776,200,sek,540,128,558,141
Snap_13.06.30.504.jpg,776,200,sek,72,91,159,146
Snap_13.06.30.504.jpg,776,200,sek,623,102,638,120
Snap_13.06.31.013.jpg,776,200,sek,1,101,19,127
Snap_13.06.31.520.jpg,776,200,sek,355,95,412,128
Snap_13.06.31.520.jpg,776,200,sek,561,126,576,143
Snap_13.06.31.520.jpg,776,200,sek,142,96,164,111
Snap_13.06.31.520.jpg,776,200,sek,592,188,605,199
Snap_13.06.31.520.jpg,776,200,sek,608,112,619,125
Snap_13.06.31.520.jpg,776,200,sek,626,95,638,106
Snap_13.06.40.173.jpg,776,200,sek,97,104,126,132
Snap_13.06.40.173.jpg,776,200,sek,126,122,146,141
Snap_13.06.40.657.jpg,776,200,sek,9,89,45,113
Snap_13.06.45.770.jpg,776,200,sek,84,154,117,180
Snap_13.06.46.264.jpg,776,200,sek,73,100,99,116
Snap_13.06.46.264.jpg,776,200,sek,85,170,107,188
Snap_13.06.46.768.jpg,776,200,sek,71,106,93,127
Snap_13.06.47.283.jpg,776,200,sek,90,154,115,171
Snap_13.06.47.794.jpg,776,200,sek,100,89,136,101
Snap_13.06.47.794.jpg,776,200,sek,247,98,258,104
Snap_13.06.47.794.jpg,776,200,sek,360,153,394,193
Snap_13.06.48.308.jpg,776,200,sek,290,145,312,168
Snap_13.06.48.308.jpg,776,200,sek,215,183,223,191
Snap_13.06.48.308.jpg,776,200,sek,197,158,207,167
Snap_13.06.48.308.jpg,776,200,sek,157,171,168,183
Snap_13.06.48.804.jpg,776,200,sek,118,139,129,150
Snap_13.06.49.321.jpg,776,200,sek,5,149,17,160
Snap_13.06.49.844.jpg,776,200,sek,82,97,94,109
Snap_13.06.49.844.jpg,776,200,sek,1,149,13,169
Snap_13.06.50.326.jpg,776,200,sek,40,165,80,198
Snap_13.06.50.849.jpg,776,200,sek,579,175,590,188
Snap_13.06.50.849.jpg,776,200,sek,382,170,395,187
Snap_13.06.50.849.jpg,776,200,sek,274,163,293,179
Snap_13.06.50.849.jpg,776,200,sek,42,171,50,180
Snap_13.06.50.849.jpg,776,200,sek,101,111,107,123
Snap_13.06.51.855.jpg,776,200,sek,98,87,167,124
Snap_13.06.52.369.jpg,776,200,sek,269,103,295,126
Snap_13.06.52.369.jpg,776,200,sek,368,155,385,170
Snap_13.06.52.369.jpg,776,200,sek,520,163,536,181
Snap_13.06.52.883.jpg,776,200,sek,196,152,211,168
Snap_13.06.52.883.jpg,776,200,sek,22,176,26,180
Snap_13.06.52.883.jpg,776,200,sek,99,151,105,158
Snap_13.06.52.883.jpg,776,200,sek,92,165,99,174
Snap_13.06.52.883.jpg,776,200,sek,432,139,441,155
Snap_13.06.52.883.jpg,776,200,sek,554,153,568,164
Snap_13.06.52.883.jpg,776,200,sek,546,166,551,175
Snap_13.06.52.883.jpg,776,200,sek,639,175,644,186
Snap_13.06.52.883.jpg,776,200,sek,640,129,648,148
Snap_13.06.52.883.jpg,776,200,sek,313,166,318,172
Snap_13.06.52.883.jpg,776,200,sek,296,119,303,123
Snap_13.06.53.392.jpg,776,200,sek,79,159,92,168
Snap_13.06.53.903.jpg,776,200,sek,69,129,102,157
Snap_13.06.54.404.jpg,776,200,sek,154,131,164,141
Snap_13.06.54.404.jpg,776,200,sek,282,144,313,171
Snap_13.06.54.404.jpg,776,200,sek,210,123,219,132
Snap_13.06.54.404.jpg,776,200,sek,193,146,203,155
Snap_13.06.55.424.jpg,776,200,sek,5,164,16,174
Snap_13.06.55.424.jpg,776,200,sek,164,132,173,144
Snap_13.06.55.424.jpg,776,200,sek,218,174,234,190
Snap_13.06.55.424.jpg,776,200,sek,309,162,320,173
Snap_13.06.55.424.jpg,776,200,sek,382,111,390,120
Snap_13.06.55.424.jpg,776,200,sek,419,158,427,166
Snap_13.06.55.424.jpg,776,200,sek,551,93,561,113
Snap_13.06.55.424.jpg,776,200,sek,525,169,532,181
Snap_13.06.55.925.jpg,776,200,sek,54,133,76,155
Snap_13.06.55.925.jpg,776,200,sek,197,141,204,148
Snap_13.06.55.925.jpg,776,200,sek,369,161,390,182
Snap_13.06.55.925.jpg,776,200,sek,534,132,542,140
Snap_13.06.56.441.jpg,776,200,sek,77,94,109,111
Snap_13.06.56.441.jpg,776,200,sek,412,136,421,147
Snap_13.06.56.946.jpg,776,200,sek,336,115,360,139
Snap_13.06.57.460.jpg,776,200,sek,113,181,139,200
Snap_13.06.58.466.jpg,776,200,sek,78,115,115,156
Snap_13.06.58.975.jpg,776,200,sek,77,135,101,154
Snap_13.06.58.975.jpg,776,200,sek,55,184,96,200
Snap_13.06.59.494.jpg,776,200,sek,118,128,134,146
Snap_13.07.00.515.jpg,776,200,sek,71,102,115,144
Snap_13.07.01.035.jpg,776,200,sek,95,143,116,163
Snap_13.07.01.533.jpg,776,200,sek,68,181,103,200
Snap_13.07.01.533.jpg,776,200,sek,337,99,354,115
Snap_13.07.02.033.jpg,776,200,sek,285,95,319,123
Snap_13.07.02.559.jpg,776,200,sek,97,141,104,151
Snap_13.07.02.559.jpg,776,200,sek,176,136,186,150
Snap_13.07.02.559.jpg,776,200,sek,211,167,225,183
Snap_13.07.02.559.jpg,776,200,sek,156,160,170,173
Snap_13.07.02.559.jpg,776,200,sek,247,165,252,171
Snap_13.07.02.559.jpg,776,200,sek,243,135,260,154
Snap_13.07.02.559.jpg,776,200,sek,64,163,72,172
Snap_13.07.03.064.jpg,776,200,sek,73,115,83,126
Snap_13.07.03.064.jpg,776,200,sek,240,137,249,148
Snap_13.07.03.570.jpg,776,200,sek,47,170,132,200
Snap_13.07.03.570.jpg,776,200,sek,497,132,533,168
Snap_13.07.03.570.jpg,776,200,sek,693,176,705,200
Snap_13.07.04.073.jpg,776,200,sek,665,135,685,153
Snap_13.07.04.073.jpg,776,200,sek,601,116,614,130
Snap_13.07.04.073.jpg,776,200,sek,442,145,484,175
Snap_13.07.04.073.jpg,776,200,sek,284,151,291,160
Snap_13.07.04.073.jpg,776,200,sek,183,149,203,166
Snap_13.07.04.073.jpg,776,200,sek,156,135,161,140
Snap_13.07.04.073.jpg,776,200,sek,163,164,167,169
Snap_13.07.04.073.jpg,776,200,sek,138,136,143,142
Snap_13.07.04.073.jpg,776,200,sek,443,97,499,117
Snap_13.07.04.588.jpg,776,200,sek,551,122,556,129
Snap_13.07.04.588.jpg,776,200,sek,511,135,523,148
Snap_13.07.04.588.jpg,776,200,sek,354,104,360,111
Snap_13.07.04.588.jpg,776,200,sek,279,105,306,126
Snap_13.07.04.588.jpg,776,200,sek,68,133,105,178
Snap_13.07.05.612.jpg,776,200,sek,75,123,91,141
Snap_13.07.05.612.jpg,776,200,sek,140,158,148,171
Snap_13.07.05.612.jpg,776,200,sek,159,112,167,125
Snap_13.07.06.135.jpg,776,200,sek,17,139,41,172
Snap_13.07.06.135.jpg,776,200,sek,40,110,63,130
Snap_13.07.06.135.jpg,776,200,sek,117,167,130,178
Snap_13.07.06.135.jpg,776,200,sek,223,90,238,104
Snap_13.07.06.135.jpg,776,200,sek,277,160,292,176
Snap_13.07.06.135.jpg,776,200,sek,586,113,596,123
Snap_13.07.06.135.jpg,776,200,sek,490,163,517,179
Snap_13.07.06.135.jpg,776,200,sek,491,90,515,101
Snap_13.07.06.638.jpg,776,200,sek,694,128,703,140
Snap_13.07.06.638.jpg,776,200,sek,682,184,689,192
Snap_13.07.06.638.jpg,776,200,sek,627,121,635,130
Snap_13.07.06.638.jpg,776,200,sek,571,120,583,137
Snap_13.07.06.638.jpg,776,200,sek,572,158,591,176
Snap_13.07.06.638.jpg,776,200,sek,571,186,583,199
Snap_13.07.06.638.jpg,776,200,sek,457,186,465,198
Snap_13.07.06.638.jpg,776,200,sek,371,146,392,166
Snap_13.07.06.638.jpg,776,200,sek,149,91,166,99
Snap_13.07.06.638.jpg,776,200,sek,159,176,170,187
Snap_13.07.06.638.jpg,776,200,sek,214,192,222,200
Snap_13.07.07.159.jpg,776,200,sek,100,178,107,187
Snap_13.07.07.159.jpg,776,200,sek,142,141,152,154
Snap_13.07.07.159.jpg,776,200,sek,245,128,271,152
Snap_13.07.07.159.jpg,776,200,sek,241,170,264,193
Snap_13.07.07.159.jpg,776,200,sek,362,121,368,132
Snap_13.07.07.663.jpg,776,200,sek,246,171,272,191
Snap_13.07.07.663.jpg,776,200,sek,90,114,99,124
Snap_13.07.07.663.jpg,776,200,sek,158,163,167,172
Snap_13.07.07.663.jpg,776,200,sek,168,133,178,145
Snap_13.07.07.663.jpg,776,200,sek,171,118,184,125
Snap_13.07.08.164.jpg,776,200,sek,142,132,158,147
Snap_13.07.08.669.jpg,776,200,sek,363,140,372,152
Snap_13.07.08.669.jpg,776,200,sek,247,139,261,155
Snap_13.07.08.669.jpg,776,200,sek,239,155,257,174
Snap_13.07.08.669.jpg,776,200,sek,129,118,140,133
Snap_13.07.08.669.jpg,776,200,sek,141,141,153,154
Snap_13.07.08.669.jpg,776,200,sek,103,156,114,167
Snap_13.07.09.183.jpg,776,200,sek,6,166,34,182
Snap_13.07.09.703.jpg,776,200,sek,651,182,665,193
Snap_13.07.09.703.jpg,776,200,sek,541,127,553,139
Snap_13.07.09.703.jpg,776,200,sek,460,175,483,194
Snap_13.07.09.703.jpg,776,200,sek,364,133,376,145
Snap_13.07.09.703.jpg,776,200,sek,265,123,280,137
Snap_13.07.09.703.jpg,776,200,sek,230,143,263,189
Snap_13.07.10.721.jpg,776,200,sek,514,147,525,158
Snap_13.07.10.721.jpg,776,200,sek,514,173,543,188
Snap_13.07.10.721.jpg,776,200,sek,525,106,541,122
Snap_13.07.10.721.jpg,776,200,sek,353,144,365,156
Snap_13.07.10.721.jpg,776,200,sek,170,149,180,159
Snap_13.07.11.237.jpg,776,200,sek,501,185,530,200
Snap_13.07.11.237.jpg,776,200,sek,197,183,205,195
Snap_13.07.11.728.jpg,776,200,sek,685,132,702,151
Snap_13.07.11.728.jpg,776,200,sek,617,159,628,172
Snap_13.07.11.728.jpg,776,200,sek,498,123,508,133
Snap_13.07.11.728.jpg,776,200,sek,461,111,484,133
Snap_13.07.11.728.jpg,776,200,sek,285,119,294,130
Snap_13.07.11.728.jpg,776,200,sek,185,111,199,125
Snap_13.07.11.728.jpg,776,200,sek,148,136,156,144
Snap_13.07.11.728.jpg,776,200,sek,128,132,139,145
Snap_13.07.11.728.jpg,776,200,sek,157,103,165,112
Snap_13.07.11.728.jpg,776,200,sek,56,135,65,144
Snap_13.07.12.742.jpg,776,200,sek,128,143,136,152
Snap_13.07.12.742.jpg,776,200,sek,77,171,94,187
Snap_13.07.12.742.jpg,776,200,sek,43,110,92,140
Snap_13.07.13.262.jpg,776,200,sek,509,172,531,188
Snap_13.07.13.262.jpg,776,200,sek,285,156,307,176
Snap_13.07.13.262.jpg,776,200,sek,71,121,84,133
Snap_13.07.14.276.jpg,776,200,sek,71,109,84,122
Snap_13.07.14.276.jpg,776,200,sek,374,123,382,132
Snap_13.07.14.793.jpg,776,200,sek,536,150,555,172
Snap_13.07.15.312.jpg,776,200,sek,129,128,151,167
Snap_13.07.15.312.jpg,776,200,sek,116,90,126,100
Snap_13.07.15.802.jpg,776,200,sek,190,157,197,167
Snap_13.07.15.802.jpg,776,200,sek,74,94,93,106
Snap_13.07.16.304.jpg,776,200,sek,1,102,25,132
Snap_13.07.16.815.jpg,776,200,sek,119,173,141,184
Snap_13.07.16.815.jpg,776,200,sek,21,134,39,147
Snap_13.07.17.468.jpg,776,200,sek,1,157,12,183
Snap_13.07.17.848.jpg,776,200,sek,590,106,614,135
Snap_13.07.17.848.jpg,776,200,sek,503,109,511,117
Snap_13.07.17.848.jpg,776,200,sek,139,126,170,155
Snap_13.07.17.848.jpg,776,200,sek,158,114,166,122
Snap_13.07.17.848.jpg,776,200,sek,13,91,23,108
Snap_13.07.17.848.jpg,776,200,sek,19,101,43,122
Snap_13.07.18.380.jpg,776,200,sek,150,110,177,149
Snap_13.07.18.914.jpg,776,200,sek,90,108,111,128
Snap_13.07.19.383.jpg,776,200,sek,684,127,696,139
Snap_13.07.19.383.jpg,776,200,sek,587,119,603,137
Snap_13.07.19.383.jpg,776,200,sek,452,63,476,84
Snap_13.07.19.383.jpg,776,200,sek,281,50,300,66
Snap_13.07.19.383.jpg,776,200,sek,8,87,19,101
Snap_13.07.19.383.jpg,776,200,sek,152,120,163,134
Snap_13.07.19.904.jpg,776,200,sek,36,78,74,117
Snap_13.07.20.932.jpg,776,200,sek,25,104,74,148
Snap_13.07.21.958.jpg,776,200,sek,122,37,162,74
Snap_13.07.22.986.jpg,776,200,sek,70,43,94,66
Snap_13.07.22.986.jpg,776,200,sek,282,71,307,95
Snap_13.07.22.986.jpg,776,200,sek,501,55,536,87
Snap_13.07.25.573.jpg,776,200,sek,74,48,81,56
Snap_13.07.25.573.jpg,776,200,sek,32,87,39,95
Snap_13.07.25.573.jpg,776,200,sek,54,98,60,105
Snap_13.07.26.084.jpg,776,200,sek,72,154,91,168
Snap_13.07.26.562.jpg,776,200,sek,28,142,36,152
Snap_13.07.26.562.jpg,776,200,sek,43,150,50,158
Snap_13.07.27.096.jpg,776,200,sek,590,98,602,112
Snap_13.07.27.096.jpg,776,200,sek,483,90,497,106
Snap_13.07.27.096.jpg,776,200,sek,34,76,59,103
Snap_13.07.27.096.jpg,776,200,sek,170,112,178,122
Snap_13.07.27.096.jpg,776,200,sek,302,94,313,108
Snap_13.07.27.096.jpg,776,200,sek,392,45,399,57
Snap_13.07.27.096.jpg,776,200,sek,300,54,313,73
Snap_13.07.27.096.jpg,776,200,sek,40,34,54,55
Snap_13.07.27.096.jpg,776,200,sek,567,40,595,78
Snap_13.07.27.609.jpg,776,200,sek,289,33,299,49
Snap_13.07.27.609.jpg,776,200,sek,459,100,474,118
Snap_13.07.29.656.jpg,776,200,sek,413,56,446,73
Snap_13.07.29.656.jpg,776,200,sek,397,28,408,46
Snap_13.07.29.656.jpg,776,200,sek,353,28,364,50
Snap_13.07.29.656.jpg,776,200,sek,261,55,282,79
Snap_13.07.29.656.jpg,776,200,sek,206,80,230,96
Snap_13.07.29.656.jpg,776,200,sek,151,87,175,112
Snap_13.07.29.656.jpg,776,200,sek,17,82,27,94
Snap_13.07.30.200.jpg,776,200,sek,12,110,19,117
Snap_13.07.30.700.jpg,776,200,sek,135,72,177,106
Snap_13.07.32.242.jpg,776,200,sek,510,41,557,71
Snap_13.07.32.242.jpg,776,200,sek,6,145,22,163
Snap_13.07.32.242.jpg,776,200,sek,32,89,44,97
Snap_13.07.32.758.jpg,776,200,sek,699,86,708,96
Snap_13.07.32.758.jpg,776,200,sek,578,118,587,132
Snap_13.07.32.758.jpg,776,200,sek,511,76,523,86
Snap_13.07.32.758.jpg,776,200,sek,362,91,374,102
Snap_13.07.32.758.jpg,776,200,sek,300,75,311,84
Snap_13.07.32.758.jpg,776,200,sek,189,58,199,68
Snap_13.07.32.758.jpg,776,200,sek,167,88,177,97
Snap_13.07.32.758.jpg,776,200,sek,38,64,77,95
Snap_13.07.32.758.jpg,776,200,sek,34,44,40,50
Snap_13.07.33.271.jpg,776,200,sek,573,54,627,94
Snap_13.07.33.271.jpg,776,200,sek,416,77,439,98
Snap_13.07.33.271.jpg,776,200,sek,203,54,232,78
Snap_13.07.33.271.jpg,776,200,sek,261,88,274,100
Snap_13.07.33.774.jpg,776,200,sek,523,37,556,58
Snap_13.07.33.774.jpg,776,200,sek,222,82,237,93
Snap_13.07.34.793.jpg,776,200,sek,30,58,44,72
Snap_13.07.34.793.jpg,776,200,sek,31,96,43,113
Snap_13.07.34.793.jpg,776,200,sek,42,24,58,38
Snap_13.07.34.793.jpg,776,200,sek,183,53,199,69
Snap_13.07.34.793.jpg,776,200,sek,197,78,204,87
Snap_13.07.34.793.jpg,776,200,sek,402,43,414,58
Snap_13.07.34.793.jpg,776,200,sek,696,62,703,71
Snap_13.07.34.793.jpg,776,200,sek,484,49,498,65
Snap_13.07.34.793.jpg,776,200,sek,494,74,507,88
Snap_13.07.34.793.jpg,776,200,sek,311,78,326,92
Snap_13.07.34.793.jpg,776,200,sek,624,36,634,50
Snap_13.07.34.793.jpg,776,200,sek,589,78,604,92
Snap_13.07.35.332.jpg,776,200,sek,27,121,42,134
Snap_13.07.35.332.jpg,776,200,sek,178,96,191,111
Snap_13.07.35.332.jpg,776,200,sek,40,106,53,116
Snap_13.07.35.863.jpg,776,200,sek,150,82,174,110
Snap_13.07.36.365.jpg,776,200,sek,42,49,72,77
Snap_13.07.36.365.jpg,776,200,sek,157,93,182,122
Snap_13.07.36.365.jpg,776,200,sek,176,162,190,173
Snap_13.07.36.865.jpg,776,200,sek,513,38,575,89
Snap_13.07.36.865.jpg,776,200,sek,260,40,270,49
Snap_13.07.37.393.jpg,776,200,sek,514,78,559,123
Snap_13.07.37.393.jpg,776,200,sek,177,155,193,170
Snap_13.07.37.917.jpg,776,200,sek,522,114,558,150
Snap_13.07.37.917.jpg,776,200,sek,167,133,194,162
Snap_13.07.39.494.jpg,776,200,sek,143,80,177,108
Snap_13.07.39.988.jpg,776,200,sek,12,68,24,82
Snap_13.07.40.515.jpg,776,200,sek,642,79,659,115
Snap_13.07.42.585.jpg,776,200,sek,535,72,568,105
Snap_13.07.42.585.jpg,776,200,sek,168,121,186,137
Snap_13.07.42.585.jpg,776,200,sek,165,144,185,165
Snap_13.07.42.585.jpg,776,200,sek,252,79,265,95
Snap_13.07.43.627.jpg,776,200,sek,172,77,184,92
Snap_13.07.44.667.jpg,776,200,sek,156,39,181,66
Snap_13.07.44.667.jpg,776,200,sek,41,83,70,103
Snap_13.07.45.183.jpg,776,200,sek,196,137,209,152
Snap_13.07.45.183.jpg,776,200,sek,279,66,287,74
Snap_13.07.45.183.jpg,776,200,sek,382,91,392,101
Snap_13.07.45.183.jpg,776,200,sek,568,70,576,78
Snap_13.07.45.183.jpg,776,200,sek,67,134,73,140
Snap_13.07.45.183.jpg,776,200,sek,570,130,578,138
Snap_13.07.45.183.jpg,776,200,sek,557,151,564,160
Snap_13.07.45.699.jpg,776,200,sek,576,101,587,114
Snap_13.07.45.699.jpg,776,200,sek,68,156,77,165
Snap_13.07.45.699.jpg,776,200,sek,183,112,192,123
Snap_13.07.45.699.jpg,776,200,sek,185,92,192,100
Snap_13.07.45.699.jpg,776,200,sek,265,116,273,126
Snap_13.07.45.699.jpg,776,200,sek,377,94,384,104
Snap_13.07.45.699.jpg,776,200,sek,383,116,392,127
Snap_13.07.45.699.jpg,776,200,sek,395,148,405,158
Snap_13.07.45.699.jpg,776,200,sek,456,101,463,109
Snap_13.07.45.699.jpg,776,200,sek,471,147,480,155
Snap_13.07.45.699.jpg,776,200,sek,174,54,189,73
Snap_13.07.46.222.jpg,776,200,sek,10,65,50,96
Snap_13.07.46.222.jpg,776,200,sek,109,105,147,140
Snap_13.07.46.222.jpg,776,200,sek,255,72,285,112
Snap_13.07.46.222.jpg,776,200,sek,366,119,392,154
Snap_13.07.46.738.jpg,776,200,sek,73,131,107,168
